photo_log_row,context_id,context_source,photo_raw,photo_ids,photo_count,TU_col_D,Level_col_E
2,TU4-L1,TU_Level,EPAS2021 1-EPAS20213,EPAS2021 1; EPAS2021 2; EPAS2021 3,3,4,1
3,TU1-L3,TU_Level,EPAS2021 4-EPAS20215,EPAS2021 4; EPAS2021 5,2,1,3
4,STP5,STP_from_TU_column,EPAS2021 6-EPAS2021 8,EPAS2021 6; EPAS2021 7; EPAS2021 8,3,STP 5,STP 5
5,TU1-L1,TU_Level,EPAS2021 9- EPAS2021 11,EPAS2021 9; EPAS2021 10; EPAS2021 11,3,1,1
6,TU1-L1,TU_Level,EPAS2021 12-EPAS2021 13,EPAS2021 12; EPAS2021 13,2,1,1
7,TU1-L2,TU_Level,EPAS2021 14-EPAS2021 15,EPAS2021 14; EPAS2021 15,2,1,2
8,STP12,STP_from_TU_column,EPAS2021 16-EPAS2021 18,EPAS2021 16; EPAS2021 17; EPAS2021 18,3,STP 12,STP 12
9,TU1-L2,TU_Level,EPAS2021 19-EPAS2021 20,EPAS2021 19; EPAS2021 20,2,1,2
10,TU1-L2,TU_Level,EPAS2021 21-EPAS2021 23,EPAS2021 21; EPAS2021 22; EPAS2021 23,3,1,2
11,TU1-L2,TU_Level,EPAS2021 24-EPAS2021 25,EPAS2021 24; EPAS2021 25,2,1,2
12,TU1-L2,TU_Level,EPAS2021 26-EPAS2021 27,EPAS2021 26; EPAS2021 27,2,1,2
13,TU1-L2,TU_Level,EPAS2021 28-EPAS2021 29,EPAS2021 28; EPAS2021 29,2,1,2
14,TU1-L2,TU_Level,EPAS2021 30-EPAS2021 31,EPAS2021 30; EPAS2021 31,2,1,2
15,TU1-L2,TU_Level,EPAS2021 32-EPAS2021 33,EPAS2021 32; EPAS2021 33,2,1,2
16,TU1-L2,TU_Level,EPAS2021 34-EPAS2021 35,EPAS2021 34; EPAS2021 35,2,1,2
17,TU1-L1,TU_Level,EPAS2021 36-EPAS2021 37,EPAS2021 36; EPAS2021 37,2,1,1
18,TU1-L1,TU_Level,EPAS2021 38-EPAS2021 39,EPAS2021 38; EPAS2021 39,2,1,1
19,TU1-L2,TU_Level,EPAS2021 40-EPAS2021 41,EPAS2021 40; EPAS2021 41,2,1,2
20,TU1-L2,TU_Level,EPAS2021 42-EPAS2021 43,EPAS2021 42; EPAS2021 43,2,1,2
21,TU1-L2,TU_Level,EPAS2021 44-EPAS2021 45,EPAS2021 44; EPAS2021 45,2,1,2
22,TU1-L2,TU_Level,EPAS2021 46-EPAS2021 47,EPAS2021 46; EPAS2021 47,2,1,2
23,TU1-L2,TU_Level,EPAS2021 48-EPAS2021 49,EPAS2021 48; EPAS2021 49,2,1,2
24,TU1-L2,TU_Level,EPAS2021 50-EPAS2021 51,EPAS2021 50; EPAS2021 51,2,1,2
25,TU1-L2,TU_Level,EPAS2021 52-EPAS2021 53,EPAS2021 52; EPAS2021 53,2,1,2
26,TU4-L1,TU_Level,EPAS2021 54-EPAS2021 56,EPAS2021 54; EPAS2021 55; EPAS2021 56,3,4,1
27,TU4-L2,TU_Level,EPAS2021 57-EPAS2021 58,EPAS2021 57; EPAS2021 58,2,4,2
28,TU3-L1,TU_Level,EPAS2021 59-EPAS2021 60,EPAS2021 59; EPAS2021 60,2,3,1
29,TU3-L1,TU_Level,EPAS2021 61-EPAS2021 62,EPAS2021 61; EPAS2021 62,2,3,1
30,TU2-L1,TU_Level,EPAS2021 63-EPAS2021 65,EPAS2021 63; EPAS2021 64; EPAS2021 65,3,2,1
31,TU5-L1,TU_Level,EPAS2021 66-EPAS2021 68,EPAS2021 66; EPAS2021 67; EPAS2021 68,3,5,1
32,TU9-L1,TU_Level,EPAS2021 69-EPAS2021 73,EPAS2021 69; EPAS2021 70; EPAS2021 71; EPAS2021 72; EPAS2021 73,5,9,1
33,TU2-L1,TU_Level,EPAS2021 74-EPAS2021 76,EPAS2021 74; EPAS2021 75; EPAS2021 76,3,2,1
34,TU1-L3,TU_Level,EPAS2021 77-EPAS2021 78,EPAS2021 77; EPAS2021 78,2,1,3
35,TU1-L2,TU_Level,EPAS2021 79-EPAS2021 80,EPAS2021 79; EPAS2021 80,2,1,2
36,TU1-L2,TU_Level,EPAS2021 81-EPAS2021 82,EPAS2021 81; EPAS2021 82,2,1,2
37,STP8,STP_from_TU_column,EPAS2021 83,EPAS2021 83,1,STP 8,STP 8
38,TUCABIN 4-LROW 3,TU_Level,EPAS2021 84-EPAS2021 85,EPAS2021 84; EPAS2021 85,2,CABIN 4,ROW 3
39,TUCABIN 4-LROW 4,TU_Level,EPAS2021 86,EPAS2021 86,1,CABIN 4,ROW 4
40,TUCABIN 4-LROW 8,TU_Level,EPAS2021 87,EPAS2021 87,1,CABIN 4,ROW 8
41,TUB/W CABIN 4&5-LROW 6,TU_Level,EPAS2021 88,EPAS2021 88,1,B/W CABIN 4&5,ROW 6
42,TUB/W CABIN 4&5-LROW 4,TU_Level,EPAS2021 89,EPAS2021 89,1,B/W CABIN 4&5,ROW 4
43,TUB/W CABIN 4&5-LROW 4,TU_Level,EPAS2021 90,EPAS2021 90,1,B/W CABIN 4&5,ROW 4
44,TUB/W CABIN 4&5-LROW 4,TU_Level,EPAS2021 91,EPAS2021 91,1,B/W CABIN 4&5,ROW 4
45,TUB/W CABIN 4&5-LROW 1,TU_Level,EPAS2021 92-EPAS2021 93,EPAS2021 92; EPAS2021 93,2,B/W CABIN 4&5,ROW 1
46,TUB/W CABIN 4&5-LROW 1,TU_Level,EPAS2021 94-EPAS2021 95,EPAS2021 94; EPAS2021 95,2,B/W CABIN 4&5,ROW 1
47,TUB/W CABIN 4&5-LROW 1,TU_Level,EPAS2021 96,EPAS2021 96,1,B/W CABIN 4&5,ROW 1
48,TUB/W CABIN 4&5-LROW 1,TU_Level,EPAS2021 97-EPAS2021 99,EPAS2021 97; EPAS2021 98; EPAS2021 99,3,B/W CABIN 4&5,ROW 1
49,TUB/W CABIN 5&6-LROW 5,TU_Level,EPAS2021 100-EPAS2021 101,EPAS2021 100; EPAS2021 101,2,B/W CABIN 5&6,ROW 5
50,TUB/W CABIN 5&6-LROW 2,TU_Level,EPAS2021 102-EPAS2021 103,EPAS2021 102; EPAS2021 103,2,B/W CABIN 5&6,ROW 2
51,TUB/W CABIN 5&6-LROW 2,TU_Level,EPAS2021 104-EPAS2021 105,EPAS2021 104; EPAS2021 105,2,B/W CABIN 5&6,ROW 2
52,TUB/W CABIN 5&6-LROW 2,TU_Level,EPAS2021 106,EPAS2021 106,1,B/W CABIN 5&6,ROW 2
53,TUCABIN 7-LROW 3,TU_Level,EPAS2021 107-EPAS2021 108,EPAS2021 107; EPAS2021 108,2,CABIN 7,ROW 3
54,TUCABIN 7-LROW 3,TU_Level,EPAS2021 109-EPAS2021 110,EPAS2021 109; EPAS2021 110,2,CABIN 7,ROW 3
55,TUCABIN 7-LROW 2,TU_Level,EPAS2021 111-EPAS2021 112,EPAS2021 111; EPAS2021 112,2,CABIN 7,ROW 2
56,TUCABIN 7-LROW 3,TU_Level,EPAS2021 113,EPAS2021 113,1,CABIN 7,ROW 3
57,TUCABIN 7-LROW 3,TU_Level,EPAS2021 114,EPAS2021 114,1,CABIN 7,ROW 3
58,TUCABIN 1-LROW 1,TU_Level,EPAS2021 115-EPAS2021 116,EPAS2021 115; EPAS2021 116,2,CABIN 1,ROW 1
59,TUCABIN 1-LROW 1,TU_Level,EPAS2021 117,EPAS2021 117,1,CABIN 1,ROW 1
60,TUCABIN 6-LROW 1,TU_Level,EPAS2021 118,EPAS2021 118,1,CABIN 6,ROW 1
61,TUCABIN 6-LROW 5,TU_Level,EPAS2021 119-EPAS2021 120,EPAS2021 119; EPAS2021 120,2,CABIN 6,ROW 5
62,TUCABIN 6-LROW 5,TU_Level,EPAS2021 121,EPAS2021 121,1,CABIN 6,ROW 5
63,TUCABIN 6-LROW 5,TU_Level,EPAS2021 122-EPAS2021 123,EPAS2021 122; EPAS2021 123,2,CABIN 6,ROW 5
64,TUCABIN 6-LROW 5,TU_Level,EPAS2021 124,EPAS2021 124,1,CABIN 6,ROW 5
65,TUCABIN 6-LROW 5,TU_Level,EPAS2021 125-EPAS2021 126,EPAS2021 125; EPAS2021 126,2,CABIN 6,ROW 5
66,TUCABIN 6-LROW 5,TU_Level,EPAS2021 127-EPAS2021 129,EPAS2021 127; EPAS2021 128; EPAS2021 129,3,CABIN 6,ROW 5
67,TUCABIN 6-LROW 5,TU_Level,EPAS2021 130-EPAS2021 131,EPAS2021 130; EPAS2021 131,2,CABIN 6,ROW 5
68,TUCABIN 2-LROW 3,TU_Level,EPAS2021 132-EPAS 133,EPAS2021 132,1,CABIN 2,ROW 3
69,TUCABIN 2-LROW 2,TU_Level,EPAS2021 134,EPAS2021 134,1,CABIN 2,ROW 2
70,TUCABIN 2-LROW 3,TU_Level,EPAS2021 135-EPAS2021 136,EPAS2021 135; EPAS2021 136,2,CABIN 2,ROW 3
71,TUCABIN 2-LROW 3,TU_Level,EPAS2021 137-EPAS2021 138,EPAS2021 137; EPAS2021 138,2,CABIN 2,ROW 3
72,TUCABIN 2-LROW 5,TU_Level,EPAS2021 139,EPAS2021 139,1,CABIN 2,ROW 5
73,TUCABIN 2-LROW 3,TU_Level,EPAS2021 140,EPAS2021 140,1,CABIN 2,ROW 3
74,TUCABIN 2-LROW 3,TU_Level,EPAS2021 141,EPAS2021 141,1,CABIN 2,ROW 3
75,TUCABIN 2-LROW 3,TU_Level,EPAS2021 142-EPAS2021 143,EPAS2021 142; EPAS2021 143,2,CABIN 2,ROW 3
76,TUCABIN 9-LROW 5,TU_Level,EPAS2021 144,EPAS2021 144,1,CABIN 9,ROW 5
77,TUCABIN 9-LROW 5,TU_Level,EPAS2021 145-EPAS2021 146,EPAS2021 145; EPAS2021 146,2,CABIN 9,ROW 5
78,TUCABIN 9-LROW 5,TU_Level,EPAS2021 147,EPAS2021 147,1,CABIN 9,ROW 5
79,TUCABIN 9-LROW 5,TU_Level,EPAS2021 148,EPAS2021 148,1,CABIN 9,ROW 5
80,TUCABIN 9-LROW 3,TU_Level,EPAS2021 149-EPAS2021 150,EPAS2021 149; EPAS2021 150,2,CABIN 9,ROW 3
81,TUB/W CABIN 3&4-LROW 4,TU_Level,EPAS2021 151-EPAS2021 152,EPAS2021 151; EPAS2021 152,2,B/W CABIN 3&4,ROW 4
82,TUB/W CABIN 3&4-LROW 4,TU_Level,EPAS2021 153-EPAS2021 154,EPAS2021 153; EPAS2021 154,2,B/W CABIN 3&4,ROW 4
83,TUB/W CABIN 1&2-LROW 4,TU_Level,EPAS2021 155-EPAS2021 156,EPAS2021 155; EPAS2021 156,2,B/W CABIN 1&2,ROW 4
84,TUCABIN 3-LROW 6,TU_Level,EPAS2021 157,EPAS2021 157,1,CABIN 3,ROW 6
85,TUCABIN 3-LROW 4,TU_Level,EPAS2021 158,EPAS2021 158,1,CABIN 3,ROW 4
86,TUCABIN 3-LROW 4,TU_Level,EPAS2021 159-EPAS2021 160,EPAS2021 159; EPAS2021 160,2,CABIN 3,ROW 4
87,TUCABIN 3-LROW 4,TU_Level,EPAS2021 161,EPAS2021 161,1,CABIN 3,ROW 4
88,TUCABIN 1-3-LROWS 1-5,TU_Level,EPAS2021 162-EPAS2021 163,EPAS2021 162; EPAS2021 163,2,CABIN 1-3,ROWS 1-5
89,TUCABIN 5-7-LROW 1&2,TU_Level,EPAS2021 164,EPAS2021 164,1,CABIN 5-7,ROW 1&2
90,TUCABIN 5-7-LROW 1&2,TU_Level,EPAS2021 165,EPAS2021 165,1,CABIN 5-7,ROW 1&2
91,TUB/W CABIN 6&7-LROW 6,TU_Level,EPAS2021 166,EPAS2021 166,1,B/W CABIN 6&7,ROW 6
92,TUCABIN 2-4-LROW 3,TU_Level,EPAS2021 167,EPAS2021 167,1,CABIN 2-4,ROW 3
93,TUCABIN 2-4-LROW 3,TU_Level,EPAS2021 168,EPAS2021 168,1,CABIN 2-4,ROW 3
94,TUCABIN 2-4-LROW 1,TU_Level,EPAS2021 169-EPAS2021 171,EPAS2021 169; EPAS2021 170; EPAS2021 171,3,CABIN 2-4,ROW 1
95,STP13,STP_from_TU_column,EPAS2021 170,EPAS2021 170,1,STP13,
96,STP13,STP_from_TU_column,EPAS2021 171,EPAS2021 171,1,STP13,
97,TUCABIN 13-Lunknown,TU_no_level,EPAS2021 172,EPAS2021 172,1,CABIN 13,
98,TUCABIN 13-Lunknown,TU_no_level,EPAS2021 173,EPAS2021 173,1,CABIN 13,
99,TUCABIN 15-Lunknown,TU_no_level,EPAS2021 174,EPAS2021 174,1,CABIN 15,
100,TUCABIN 15-Lunknown,TU_no_level,EPAS2021 175,EPAS2021 175,1,CABIN 15,
101,TUCABIN 15-Lunknown,TU_no_level,EPAS2021 176,EPAS2021 176,1,CABIN 15,
102,STP15,STP_from_TU_column,EPAS2021 177,EPAS2021 177,1,STP 15,
103,STP15,STP_from_TU_column,EPAS2021 178,EPAS2021 178,1,STP 15,
104,TUTU 9-LLVL 2,TU_Level,EPAS2021 179,EPAS2021 179,1,TU 9,LVL 2
105,TUTU 9-LLVL 2,TU_Level,EPAS2021 180,EPAS2021 180,1,TU 9,LVL 2
106,TUTU 9-LLVL 2,TU_Level,EPAS2021 181,EPAS2021 181,1,TU 9,LVL 2
107,TUTU 9-LLVL 2,TU_Level,EPAS2021 182,EPAS2021 182,1,TU 9,LVL 2
108,TUCABIN 4-Lunknown,TU_no_level,EPAS2021 183,EPAS2021 183,1,CABIN 4,
109,TUCABIN 4-Lunknown,TU_no_level,EPAS2021 184,EPAS2021 184,1,CABIN 4,
110,TUCABIN 4-Lunknown,TU_no_level,EPAS2021 185,EPAS2021 185,1,CABIN 4,
111,TUCABIN 4-Lunknown,TU_no_level,EPAS2021 186,EPAS2021 186,1,CABIN 4,
112,STP13,STP_from_TU_column,EPAS2021 187,EPAS2021 187,1,STP 13,
113,STP13,STP_from_TU_column,EPAS2021 188,EPAS2021 188,1,STP 13,
114,TUCABIN 6-LSF,TU_Level,EPAS2021 189,EPAS2021 189,1,CABIN 6,SF
115,TUCABIN 7-Lunknown,TU_no_level,EPAS2021 190,EPAS2021 190,1,CABIN 7,
116,TUCABIN 7-Lunknown,TU_no_level,EPAS2021 191,EPAS2021 191,1,CABIN 7,
117,TUCABIN 7-Lunknown,TU_no_level,EPAS2021 192,EPAS2021 192,1,CABIN 7,
118,TUCABIN 4-Lunknown,TU_no_level,EPAS2021 193,EPAS2021 193,1,CABIN 4,
119,TUCABIN 4-Lunknown,TU_no_level,EPAS2021 194,EPAS2021 194,1,CABIN 4,
120,TUCABIN 4-Lunknown,TU_no_level,EPAS2021 195,EPAS2021 195,1,CABIN 4,
121,TUCABIN 6-LSF,TU_Level,EPAS2021 196,EPAS2021 196,1,CABIN 6,SF
122,surface_general_unmapped,general_surface_no_spatial_context,EPAS2021 197,EPAS2021 197,1,,SF
123,surface_general_unmapped,general_surface_no_spatial_context,EPAS2021 198,EPAS2021 198,1,,SF
124,surface_general_unmapped,general_surface_no_spatial_context,EPAS2021 199,EPAS2021 199,1,,SF
125,surface_general_unmapped,general_surface_no_spatial_context,EPAS2021 200,EPAS2021 200,1,,SF
126,surface_general_unmapped,general_surface_no_spatial_context,EPAS2021 201,EPAS2021 201,1,,SF
127,surface_general_unmapped,general_surface_no_spatial_context,EPAS2021 202,EPAS2021 202,1,,SF
128,surface_general_unmapped,general_surface_no_spatial_context,EPAS2021 203,EPAS2021 203,1,,SF
129,surface_general_unmapped,general_surface_no_spatial_context,EPAS2021 204,EPAS2021 204,1,,SF
130,surface_general_unmapped,general_surface_no_spatial_context,EPAS2021 205,EPAS2021 205,1,,SF
131,surface_general_unmapped,general_surface_no_spatial_context,EPAS2021 206,EPAS2021 206,1,,SF
132,surface_general_unmapped,general_surface_no_spatial_context,EPAS2021 207,EPAS2021 207,1,,SF
133,surface_general_unmapped,general_surface_no_spatial_context,EPAS2021 208,EPAS2021 208,1,,SF
134,surface_general_unmapped,general_surface_no_spatial_context,EPAS2021 209,EPAS2021 209,1,,SF
135,surface_general_unmapped,general_surface_no_spatial_context,EPAS2021 210,EPAS2021 210,1,,SF
136,surface_general_unmapped,general_surface_no_spatial_context,EPAS2021 211,EPAS2021 211,1,,SF
137,surface_general_unmapped,general_surface_no_spatial_context,EPAS2021 212,EPAS2021 212,1,,SF
138,surface_general_unmapped,general_surface_no_spatial_context,EPAS2021 213,EPAS2021 213,1,,SF
139,surface_general_unmapped,general_surface_no_spatial_context,EPAS2021 214,EPAS2021 214,1,,SF
140,surface_general_unmapped,general_surface_no_spatial_context,EPAS2021 215,EPAS2021 215,1,,SF
141,surface_general_unmapped,general_surface_no_spatial_context,EPAS2021 216,EPAS2021 216,1,,SF
142,surface_general_unmapped,general_surface_no_spatial_context,EPAS2021 217,EPAS2021 217,1,,SF
143,surface_general_unmapped,general_surface_no_spatial_context,EPAS2021 218,EPAS2021 218,1,,SF
144,surface_general_unmapped,general_surface_no_spatial_context,EPAS2021 219,EPAS2021 219,1,,SF
145,surface_general_unmapped,general_surface_no_spatial_context,EPAS2021 220,EPAS2021 220,1,,SF
146,surface_general_unmapped,general_surface_no_spatial_context,EPAS2021 221,EPAS2021 221,1,,SF
147,surface_general_unmapped,general_surface_no_spatial_context,EPAS2021 222,EPAS2021 222,1,,SF
148,surface_general_unmapped,general_surface_no_spatial_context,EPAS2021 223,EPAS2021 223,1,,SF
149,surface_general_unmapped,general_surface_no_spatial_context,EPAS2021 224,EPAS2021 224,1,,SF
150,surface_general_unmapped,general_surface_no_spatial_context,EPAS2021 225,EPAS2021 225,1,,SF
151,surface_general_unmapped,general_surface_no_spatial_context,EPAS2021 226,EPAS2021 226,1,,SF
152,surface_general_unmapped,general_surface_no_spatial_context,EPAS2021 227,EPAS2021 227,1,,SF
153,surface_general_unmapped,general_surface_no_spatial_context,EPAS2021 228,EPAS2021 228,1,,SF
154,surface_general_unmapped,general_surface_no_spatial_context,EPAS2021 229,EPAS2021 229,1,,SF
155,surface_general_unmapped,general_surface_no_spatial_context,EPAS2021 230,EPAS2021 230,1,,SF
156,surface_general_unmapped,general_surface_no_spatial_context,EPAS2021 231,EPAS2021 231,1,,SF
157,surface_general_unmapped,general_surface_no_spatial_context,EPAS2021 232,EPAS2021 232,1,,SF
158,surface_general_unmapped,general_surface_no_spatial_context,EPAS2021 233,EPAS2021 233,1,,SF
159,surface_general_unmapped,general_surface_no_spatial_context,EPAS2021 234,EPAS2021 234,1,,SF
160,surface_general_unmapped,general_surface_no_spatial_context,EPAS2021 235,EPAS2021 235,1,,SF
161,surface_general_unmapped,general_surface_no_spatial_context,EPAS2021 236,EPAS2021 236,1,,SF
162,surface_general_unmapped,general_surface_no_spatial_context,EPAS2021 237,EPAS2021 237,1,,SF
163,surface_general_unmapped,general_surface_no_spatial_context,EPAS2021 238,EPAS2021 238,1,,SF
164,surface_general_unmapped,general_surface_no_spatial_context,EPAS2021 239,EPAS2021 239,1,,SF
165,surface_general_unmapped,general_surface_no_spatial_context,EPAS2021 240,EPAS2021 240,1,,SF
166,surface_general_unmapped,general_surface_no_spatial_context,EPAS2021 241,EPAS2021 241,1,,SF
167,surface_general_unmapped,general_surface_no_spatial_context,EPAS2021 242,EPAS2021 242,1,,SF
168,surface_general_unmapped,general_surface_no_spatial_context,EPAS2021 243,EPAS2021 243,1,,SF
169,surface_general_unmapped,general_surface_no_spatial_context,EPAS2021 244,EPAS2021 244,1,,SF
170,surface_general_unmapped,general_surface_no_spatial_context,EPAS2021 245,EPAS2021 245,1,,SF
171,surface_general_unmapped,general_surface_no_spatial_context,EPAS2021 246-247,EPAS2021 246; EPAS2021 247,2,,SF
172,surface_general_unmapped,general_surface_no_spatial_context,EPAS2021 248,EPAS2021 248,1,,SF
173,surface_general_unmapped,general_surface_no_spatial_context,EPAS2021 249,EPAS2021 249,1,,SF
174,surface_general_unmapped,general_surface_no_spatial_context,EPAS2021 250,EPAS2021 250,1,,SF
175,surface_general_unmapped,general_surface_no_spatial_context,EPAS2021 251,EPAS2021 251,1,,SF
176,surface_general_unmapped,general_surface_no_spatial_context,EPAS2021 252,EPAS2021 252,1,,SF
177,surface_general_unmapped,general_surface_no_spatial_context,EPAS2021 253-254,EPAS2021 253; EPAS2021 254,2,,SF
178,surface_general_unmapped,general_surface_no_spatial_context,EPAS2021 255,EPAS2021 255,1,,SF
179,surface_general_unmapped,general_surface_no_spatial_context,EPAS2021 256,EPAS2021 256,1,,SF
180,surface_general_unmapped,general_surface_no_spatial_context,EPAS2021 257,EPAS2021 257,1,,SF
181,surface_general_unmapped,general_surface_no_spatial_context,EPAS2021 258,EPAS2021 258,1,,SF
182,surface_general_unmapped,general_surface_no_spatial_context,EPAS2021 259,EPAS2021 259,1,,SF
183,surface_general_unmapped,general_surface_no_spatial_context,EPAS2021 260,EPAS2021 260,1,,SF
184,surface_general_unmapped,general_surface_no_spatial_context,EPAS2021 261,EPAS2021 261,1,,SF
185,surface_general_unmapped,general_surface_no_spatial_context,EPAS2021 262,EPAS2021 262,1,,SF
186,surface_general_unmapped,general_surface_no_spatial_context,EPAS2021 263,EPAS2021 263,1,,SF
187,surface_general_unmapped,general_surface_no_spatial_context,EPAS2021 264,EPAS2021 264,1,,SF
188,surface_general_unmapped,general_surface_no_spatial_context,EPAS2021 265,EPAS2021 265,1,,SF
189,surface_general_unmapped,general_surface_no_spatial_context,EPAS2021 266,EPAS2021 266,1,,SF
190,surface_general_unmapped,general_surface_no_spatial_context,EPAS2021 267,EPAS2021 267,1,,SF
191,surface_general_unmapped,general_surface_no_spatial_context,EPAS2021 268,EPAS2021 268,1,,SF
192,surface_general_unmapped,general_surface_no_spatial_context,EPAS2021 269,EPAS2021 269,1,,SF
193,surface_general_unmapped,general_surface_no_spatial_context,EPAS2021 270,EPAS2021 270,1,,SF
194,surface_general_unmapped,general_surface_no_spatial_context,EPAS2021 271,EPAS2021 271,1,,SF
195,surface_general_unmapped,general_surface_no_spatial_context,EPAS2021 272,EPAS2021 272,1,,SF
196,surface_general_unmapped,general_surface_no_spatial_context,EPAS2021 273,EPAS2021 273,1,,SF
197,surface_general_unmapped,general_surface_no_spatial_context,EPAS2021 274,EPAS2021 274,1,,SF
198,surface_general_unmapped,general_surface_no_spatial_context,EPAS2021 275,EPAS2021 275,1,,SF
199,surface_general_unmapped,general_surface_no_spatial_context,EPAS2021 276,EPAS2021 276,1,,SF
200,surface_general_unmapped,general_surface_no_spatial_context,EPAS2021 277,EPAS2021 277,1,,SF
201,surface_general_unmapped,general_surface_no_spatial_context,EPAS2021 278-279,EPAS2021 278; EPAS2021 279,2,,SF
202,surface_general_unmapped,general_surface_no_spatial_context,EPAS2021 280,EPAS2021 280,1,,SF
203,TU13-L1,TU_Level,EPAS2021 281,EPAS2021 281,1,13,1
204,TU13-L1,TU_Level,EPAS2021 282,EPAS2021 282,1,13,1
205,TU13-L1,TU_Level,EPAS2021 283,EPAS2021 283,1,13,1
206,TU13-L1,TU_Level,EPAS2021 284,EPAS2021 284,1,13,1
207,TU12-L1,TU_Level,EPAS2021 285,EPAS2021 285,1,12,1
208,TU3-L2,TU_Level,EPAS2021 286,EPAS2021 286,1,3,2
209,TUCabin 4-Lunknown,TU_no_level,EPAS2021 287-288,EPAS2021 287; EPAS2021 288,2,Cabin 4,
210,STP16,STP_from_TU_column,EPAS2021 289,EPAS2021 289,1,STP16,
211,STP16,STP_from_TU_column,EPAS2021 290-292,EPAS2021 290; EPAS2021 291; EPAS2021 292,3,STP16,
212,TUCabins 2+3-LROW3+4,TU_Level,EPAS2021 293,EPAS2021 293,1,Cabins 2+3,ROW3+4
213,TU7-L1,TU_Level,EPAS2021 294,EPAS2021 294,1,7,1
214,TU10-L2,TU_Level,EPAS2021 295,EPAS2021 295,1,10,2
215,TU10-L2,TU_Level,EPAS2021 296,EPAS2021 296,1,10,2
216,TUCabin 2-LROW5,TU_Level,EPAS2021 297,EPAS2021 297,1,Cabin 2,ROW5
217,TUCabin 2-LROW7,TU_Level,EPAS2021 298,EPAS2021 298,1,Cabin 2,ROW7
218,TUCabin4-Lunknown,TU_no_level,EPAS2021 299,EPAS2021 299,1,Cabin4,
219,TUCabin 5-Lunknown,TU_no_level,EPAS2021 300,EPAS2021 300,1,Cabin 5,
220,TUCabin 5-Lunknown,TU_no_level,EPAS2021 301,EPAS2021 301,1,Cabin 5,
221,TUCabin 5-Lunknown,TU_no_level,EPAS2021 302,EPAS2021 302,1,Cabin 5,
222,TUCabin 5-Lunknown,TU_no_level,EPAS2021 303,EPAS2021 303,1,Cabin 5,
223,TUCabin 5-Lunknown,TU_no_level,EPAS2021 304,EPAS2021 304,1,Cabin 5,
224,TUCabin 5-Lunknown,TU_no_level,EPAS2021 305,EPAS2021 305,1,Cabin 5,
225,TUCabin 2-LROW9,TU_Level,EPAS2021 306,EPAS2021 306,1,Cabin 2,ROW9
226,TUCabin 2-LROW9,TU_Level,EPAS2021 307,EPAS2021 307,1,Cabin 2,ROW9
227,STP13,STP_from_TU_column,EPAS2021 308,EPAS2021 308,1,STP13,
228,STP13,STP_from_TU_column,EPAS2021 309,EPAS2021 309,1,STP13,
229,STP13,STP_from_TU_column,EPAS2021 310,EPAS2021 310,1,STP13,
230,TUCabin2-5-LSF,TU_Level,EPAS2021 311,EPAS2021 311,1,Cabin2-5,SF
231,TUCabin 7-LSF,TU_Level,EPAS2021 312,EPAS2021 312,1,Cabin 7,SF
232,TUAG Field-LSF,TU_Level,EPAS2021 313,EPAS2021 313,1,AG Field,SF
233,TUAG Field-LSF,TU_Level,EPAS2021 314,EPAS2021 314,1,AG Field,SF
234,TUAG Field-LSF,TU_Level,EPAS2021 315,EPAS2021 315,1,AG Field,SF
235,TUAG Field-LSF,TU_Level,EPAS2021 316,EPAS2021 316,1,AG Field,SF
236,TUAG Field-LSF,TU_Level,EPAS2021 317,EPAS2021 317,1,AG Field,SF
237,TUField North of Turn Row-LSF,TU_Level,EPAS2021 318,EPAS2021 318,1,Field North of Turn Row,SF
238,TUAG Field-LSF,TU_Level,EPAS2021 319,EPAS2021 319,1,AG Field,SF
239,TUCabin4+5 (inbetween)-LSF,TU_Level,EPAS2021 320,EPAS2021 320,1,Cabin4+5 (inbetween),SF
240,TUCabin 4-LSF,TU_Level,EPAS2021 321,EPAS2021 321,1,Cabin 4,SF
241,TUCabin 7-LSF,TU_Level,EPAS2021 322,EPAS2021 322,1,Cabin 7,SF
242,TUCabin 2-LSF,TU_Level,EPAS2021 323,EPAS2021 323,1,Cabin 2,SF
243,TUCabin 2-4-LSF,TU_Level,EPAS2021 324,EPAS2021 324,1,Cabin 2-4,SF
244,TUCabin 2-4-LSF,TU_Level,EPAS2021 325,EPAS2021 325,1,Cabin 2-4,SF
245,TUCabin 2-LROW7,TU_Level,EPAS2021 326-327,EPAS2021 326; EPAS2021 327,2,Cabin 2,ROW7
246,TUCabin 4-Lunknown,TU_no_level,EPAS2021 328,EPAS2021 328,1,Cabin 4,
247,TUCabin 1 (westside)-Lunknown,TU_no_level,EPAS2021 329,EPAS2021 329,1,Cabin 1 (westside),
248,TUCabin 3-LROW5,TU_Level,EPAS2021 330,EPAS2021 330,1,Cabin 3,ROW5
249,TUCabin 3-LROW7,TU_Level,EPAS2021 331-333,EPAS2021 331; EPAS2021 332; EPAS2021 333,3,Cabin 3,ROW7
250,TUCabin 3-LROW9,TU_Level,EPAS2021 334,EPAS2021 334,1,Cabin 3,ROW9
251,TUCabin 4+5-LROW4,TU_Level,EPAS2021 335,EPAS2021 335,1,Cabin 4+5,ROW4
252,TUCabin 4+5-LROW4,TU_Level,EPAS2021 336,EPAS2021 336,1,Cabin 4+5,ROW4
253,TUCabin 4+5-LROW4,TU_Level,EPAS2021 337,EPAS2021 337,1,Cabin 4+5,ROW4
254,TUCabin 4+5-LROW1,TU_Level,EPAS2021 338,EPAS2021 338,1,Cabin 4+5,ROW1
255,TUCabin 4+5-LROW1,TU_Level,EPAS2021 339,EPAS2021 339,1,Cabin 4+5,ROW1
256,TUCabin 1-Lunknown,TU_no_level,EPAS2021 340,EPAS2021 340,1,Cabin 1,
257,TUCabin 3-LROW8,TU_Level,EPAS2021 341,EPAS2021 341,1,Cabin 3,ROW8
258,TUCabin 3-LROW8,TU_Level,EPAS2021 342,EPAS2021 342,1,Cabin 3,ROW8
259,TUCabin 3-LROW2,TU_Level,EPAS2021 343,EPAS2021 343,1,Cabin 3,ROW2
260,TUCabin 3-LROW2,TU_Level,EPAS2021 344,EPAS2021 344,1,Cabin 3,ROW2
261,TUCabin 3-LROW2,TU_Level,EPAS2021 345,EPAS2021 345,1,Cabin 3,ROW2
262,TUCabin 3-LROW4,TU_Level,EPAS2021 346-347,EPAS2021 346; EPAS2021 347,2,Cabin 3,ROW4
263,TUCabin 3-LROW6,TU_Level,EPAS2021 348,EPAS2021 348,1,Cabin 3,ROW6
264,TUfound behind cabin 2-Lunknown,TU_no_level,EPAS2021 349-350,EPAS2021 349; EPAS2021 350,2,found behind cabin 2,
265,TUSF-Lunknown,TU_no_level,EPAS2021 351,EPAS2021 351,1,SF,
266,TUSF-Lunknown,TU_no_level,EPAS2021 352,EPAS2021 352,1,SF,
267,TUSF-Lunknown,TU_no_level,EPAS2021 353,EPAS2021 353,1,SF,
268,TUSF-Lunknown,TU_no_level,EPAS2021 354,EPAS2021 354,1,SF,
269,TUSF-Lunknown,TU_no_level,EPAS2021 355,EPAS2021 355,1,SF,
270,surface_general_unmapped,general_surface_no_spatial_context,EPAS2021 356,EPAS2021 356,1,,
271,surface_general_unmapped,general_surface_no_spatial_context,EPAS2021 357,EPAS2021 357,1,,
272,surface_general_unmapped,general_surface_no_spatial_context,EPAS2021 358-359,EPAS2021 358; EPAS2021 359,2,,
273,TU3-L1,TU_Level,EPAS2021 360-361,EPAS2021 360; EPAS2021 361,2,3,1
274,TU1-L3,TU_Level,EPAS2021 362-363,EPAS2021 362; EPAS2021 363,2,1,3
275,STP12,STP_from_TU_column,EPAS2021 364-365,EPAS2021 364; EPAS2021 365,2,STP12,
276,STP12,STP_from_TU_column,EPAS2021 366-367,EPAS2021 366; EPAS2021 367,2,STP12,
277,STP12,STP_from_TU_column,EPAS2021 368-369,EPAS2021 368; EPAS2021 369,2,STP12,
278,STP12,STP_from_TU_column,EPAS2021 370-371,EPAS2021 370; EPAS2021 371,2,STP12,
279,TU1-L2,TU_Level,EPAS2021 372-373,EPAS2021 372; EPAS2021 373,2,1,2
280,TU1-L2,TU_Level,EPAS2021 374-375,EPAS2021 374; EPAS2021 375,2,1,2
281,TU1-L2,TU_Level,EPAS2021 376-377,EPAS2021 376; EPAS2021 377,2,1,2
282,TU1-L2,TU_Level,EPAS2021 378-379,EPAS2021 378; EPAS2021 379,2,1,2
283,TU1-L2,TU_Level,EPAS2021 380-381,EPAS2021 380; EPAS2021 381,2,1,2
284,TU1-L2,TU_Level,EPAS2021 382-383,EPAS2021 382; EPAS2021 383,2,1,2
285,TU1-L2,TU_Level,EPAS2021 384-385,EPAS2021 384; EPAS2021 385,2,1,2
286,TU1-L2,TU_Level,EPAS2021 386-387,EPAS2021 386; EPAS2021 387,2,1,2
287,TU1-L2,TU_Level,EPAS2021 388-389,EPAS2021 388; EPAS2021 389,2,1,2
288,TU1-L2,TU_Level,EPAS2021 390-391,EPAS2021 390; EPAS2021 391,2,1,2
289,STP10,STP_from_TU_column,EPAS2021 392-393,EPAS2021 392; EPAS2021 393,2,STP10,
290,STP10,STP_from_TU_column,EPAS2021 394-395,EPAS2021 394; EPAS2021 395,2,STP10,
291,STP4,STP_from_TU_column,EPAS2021 396-397,EPAS2021 396; EPAS2021 397,2,STP4,
292,TUC2R3-LSF,TU_Level,EPAS2021 398-399,EPAS2021 398; EPAS2021 399,2,C2R3,SF
293,TUC2R3-LSF,TU_Level,EPAS2021 400-401,EPAS2021 400; EPAS2021 401,2,C2R3,SF
294,TUC7R3-LSF,TU_Level,EPAS2021 402-403,EPAS2021 402; EPAS2021 403,2,C7R3,SF
295,TUC6R5-LSF,TU_Level,EPAS2021 404-405,EPAS2021 404; EPAS2021 405,2,C6R5,SF
296,TUC6R5-LSF,TU_Level,EPAS2021 406-407,EPAS2021 406; EPAS2021 407,2,C6R5,SF
297,TUC6R5-LSF,TU_Level,EPAS2021 408-409,EPAS2021 408; EPAS2021 409,2,C6R5,SF
298,TUC11R6-LSF,TU_Level,EPAS2021 410-411,EPAS2021 410; EPAS2021 411,2,C11R6,SF
299,TUC11R4-LSF,TU_Level,EPAS2021 412-413,EPAS2021 412; EPAS2021 413,2,C11R4,SF
300,TUC7R3-LSF,TU_Level,EPAS2021 414-415,EPAS2021 414; EPAS2021 415,2,C7R3,SF
301,TUC7R3-LSF,TU_Level,EPAS2021 416-417,EPAS2021 416; EPAS2021 417,2,C7R3,SF
302,TUC4R8-LSF,TU_Level,EPAS2021 418-419,EPAS2021 418; EPAS2021 419,2,C4R8,SF
303,TUC9R5-LSF,TU_Level,EPAS2021 420-421,EPAS2021 420; EPAS2021 421,2,C9R5,SF
304,TUC9R5-LSF,TU_Level,EPAS2021 422-423,EPAS2021 422; EPAS2021 423,2,C9R5,SF
305,TUC2R3-LSF,TU_Level,EPAS2021 424-425,EPAS2021 424; EPAS2021 425,2,C2R3,SF
306,TUC2R3-LSF,TU_Level,EPAS2021 426-427,EPAS2021 426; EPAS2021 427,2,C2R3,SF
307,STP5,STP_from_TU_column,EPAS2021 428-429,EPAS2021 428; EPAS2021 429,2,STP5,
308,TUC9R5-LSF,TU_Level,EPAS2021 430-431,EPAS2021 430; EPAS2021 431,2,C9R5,SF
309,TUC2R3-LSF,TU_Level,EPAS2021 432-433,EPAS2021 432; EPAS2021 433,2,C2R3,SF
310,TUCA1-6R5-LSF,TU_Level,EPAS2021 434-435,EPAS2021 434; EPAS2021 435,2,CA1-6R5,SF
311,TUCA1-6R5-LSF,TU_Level,EPAS2021 436-437,EPAS2021 436; EPAS2021 437,2,CA1-6R5,SF
312,TUCA1-6R5-LSF,TU_Level,EPAS2021 438-439,EPAS2021 438; EPAS2021 439,2,CA1-6R5,SF
313,TUCA1-6R5-LSF,TU_Level,EPAS2021 440-441,EPAS2021 440; EPAS2021 441,2,CA1-6R5,SF
314,TUCA1-6R5-LSF,TU_Level,EPAS2021 442-443,EPAS2021 442; EPAS2021 443,2,CA1-6R5,SF
315,TUCA1-6R5-LSF,TU_Level,EPAS2021 444-445,EPAS2021 444; EPAS2021 445,2,CA1-6R5,SF
316,TUCA1-6R5-LSF,TU_Level,EPAS2021 446-447,EPAS2021 446; EPAS2021 447,2,CA1-6R5,SF
317,TUCA1-6R5-LSF,TU_Level,EPAS2021 448-449,EPAS2021 448; EPAS2021 449,2,CA1-6R5,SF
318,TUCA6-7R6-LSF,TU_Level,EPAS2021 450-451,EPAS2021 450; EPAS2021 451,2,CA6-7R6,SF
319,TUCA4R8-LSF,TU_Level,EPAS2021 452-453,EPAS2021 452; EPAS2021 453,2,CA4R8,SF
320,TUCA5-7R1-2-LSF,TU_Level,EPAS2021 454-455,EPAS2021 454; EPAS2021 455,2,CA5-7R1-2,SF
321,TUCA5-7R1-2-LSF,TU_Level,EPAS2021 456-457,EPAS2021 456; EPAS2021 457,2,CA5-7R1-2,SF
322,TUCA5-7R1-2-LSF,TU_Level,EPAS2021 458-459,EPAS2021 458; EPAS2021 459,2,CA5-7R1-2,SF
323,TUCA5-7R1-2-LSF,TU_Level,EPAS2021 460-461,EPAS2021 460; EPAS2021 461,2,CA5-7R1-2,SF
324,TUC4R7-LSF,TU_Level,EPAS2021 462-463,EPAS2021 462; EPAS2021 463,2,C4R7,SF
325,TUC7R2-3-LSF,TU_Level,EPAS2021 464-465,EPAS2021 464; EPAS2021 465,2,C7R2-3,SF
326,TUC7R2-3-LSF,TU_Level,EPAS2021 466-467,EPAS2021 466; EPAS2021 467,2,C7R2-3,SF
327,TUC7R2-3-LSF,TU_Level,EPAS2021 468-469,EPAS2021 468; EPAS2021 469,2,C7R2-3,SF
328,TUC7R2-3-LSF,TU_Level,EPAS2021 470-471,EPAS2021 470; EPAS2021 471,2,C7R2-3,SF
329,TUC2R2-LSF,TU_Level,EPAS2021 472-473,EPAS2021 472; EPAS2021 473,2,C2R2,SF
330,TUC1+2R1+2-LSF,TU_Level,EPAS2021 474-475,EPAS2021 474; EPAS2021 475,2,C1+2R1+2,SF
331,TUC1+2R1+2-LSF,TU_Level,EPAS2021 476-477,EPAS2021 476; EPAS2021 477,2,C1+2R1+2,SF
332,TUC1+2R1+2-LSF,TU_Level,EPAS2021 478-479,EPAS2021 478; EPAS2021 479,2,C1+2R1+2,SF
333,TUC1+2R1+2-LSF,TU_Level,EPAS2021 480-481,EPAS2021 480; EPAS2021 481,2,C1+2R1+2,SF
334,TUC1+2R1+2-LSF,TU_Level,EPAS2021 482-483,EPAS2021 482; EPAS2021 483,2,C1+2R1+2,SF
335,TUC1+2R1+2-LSF,TU_Level,EPAS2021 484-485,EPAS2021 484; EPAS2021 485,2,C1+2R1+2,SF
336,TUC1+2R1+2-LSF,TU_Level,EPAS2021 486-487,EPAS2021 486; EPAS2021 487,2,C1+2R1+2,SF
337,TUC1+2R1+2-LSF,TU_Level,EPAS2021 488-489,EPAS2021 488; EPAS2021 489,2,C1+2R1+2,SF
338,STP1,STP_from_TU_column,EPAS2021 490-491,EPAS2021 490; EPAS2021 491,2,STP1,
339,STP1,STP_from_TU_column,EPAS2021 492-493,EPAS2021 492; EPAS2021 493,2,STP1,
340,STP1,STP_from_TU_column,EPAS2021 494-495,EPAS2021 494; EPAS2021 495,2,STP1,
341,TU1-L2,TU_Level,EPAS2021 496-497,EPAS2021 496; EPAS2021 497,2,1,2
342,TUCABIN 2+4-LROW3,TU_Level,EPAS2021 498-499,EPAS2021 498; EPAS2021 499,2,CABIN 2+4,ROW3
343,TUCABIN2+4-LROW3,TU_Level,EPAS2021 500-501,EPAS2021 500; EPAS2021 501,2,CABIN2+4,ROW3
344,TUCABIN5-7-LROW1+2,TU_Level,EPAS2021 502-503,EPAS2021 502; EPAS2021 503,2,CABIN5-7,ROW1+2
345,TUCABIN5-7-LROW1+2,TU_Level,EPAS2021 504-505,EPAS2021 504; EPAS2021 505,2,CABIN5-7,ROW1+2
346,TUCABIN5-7-LROW1+2,TU_Level,EPAS2021 506-507,EPAS2021 506; EPAS2021 507,2,CABIN5-7,ROW1+2
347,TUCABIN5-7-LROW1+2,TU_Level,EPAS2021 508-509,EPAS2021 508; EPAS2021 509,2,CABIN5-7,ROW1+2
348,TUCABIN5-7-LROW1+2,TU_Level,EPAS2021 510-511,EPAS2021 510; EPAS2021 511,2,CABIN5-7,ROW1+2
349,TUCABIN5-7-LROW1+2,TU_Level,EPAS2021 512-513,EPAS2021 512; EPAS2021 513,2,CABIN5-7,ROW1+2
350,TUCABIN5-7-LROW1+2,TU_Level,EPAS2021 514-515,EPAS2021 514; EPAS2021 515,2,CABIN5-7,ROW1+2
351,TUCABIN5-7-LROW1+2,TU_Level,EPAS2021 516-517,EPAS2021 516; EPAS2021 517,2,CABIN5-7,ROW1+2
352,TUCABIN5-7-LROW1+3,TU_Level,EPAS2021 518-519,EPAS2021 518; EPAS2021 519,2,CABIN5-7,ROW1+3
353,TUCABIN5-7-LROW1+4,TU_Level,EPAS2021 520-521,EPAS2021 520; EPAS2021 521,2,CABIN5-7,ROW1+4
354,TUCABIN5-7-LROW1+5,TU_Level,EPAS2021 522-523,EPAS2021 522; EPAS2021 523,2,CABIN5-7,ROW1+5
355,TUCABIN5-7-LROW1+6,TU_Level,EPAS2021 524-525,EPAS2021 524; EPAS2021 525,2,CABIN5-7,ROW1+6
356,TUCABIN5-7-LROW1+7,TU_Level,EPAS2021 526-527,EPAS2021 526; EPAS2021 527,2,CABIN5-7,ROW1+7
357,TUCABIN5-7-LROW1+8,TU_Level,EPAS2021 528-529,EPAS2021 528; EPAS2021 529,2,CABIN5-7,ROW1+8
358,TUCABINS 2-4-LROW1,TU_Level,EPAS2021 530-531,EPAS2021 530; EPAS2021 531,2,CABINS 2-4,ROW1
359,TUCABINS 2-4-LROW1,TU_Level,EPAS2021 532-533,EPAS2021 532; EPAS2021 533,2,CABINS 2-4,ROW1
360,TUCABINS 2-4-LROW1,TU_Level,EPAS2021 534-535,EPAS2021 534; EPAS2021 535,2,CABINS 2-4,ROW1
361,TUCABINS 2-4-LROW1,TU_Level,EPAS2021 536-537,EPAS2021 536; EPAS2021 537,2,CABINS 2-4,ROW1
362,TUCABINS 2-4-LROW1,TU_Level,EPAS2021 538-539,EPAS2021 538; EPAS2021 539,2,CABINS 2-4,ROW1
363,TUCABINS 2-4-LROW1,TU_Level,EPAS2021 540-541,EPAS2021 540; EPAS2021 541,2,CABINS 2-4,ROW1
364,TUCABINS 2-4-LROW1,TU_Level,EPAS2021 542-543,EPAS2021 542; EPAS2021 543,2,CABINS 2-4,ROW1
365,TUCABINS 2-4-LROW1,TU_Level,EPAS2021 544-545,EPAS2021 544; EPAS2021 545,2,CABINS 2-4,ROW1
366,TUCABINS 2-4-LROW1,TU_Level,EPAS2021 546-547,EPAS2021 546; EPAS2021 547,2,CABINS 2-4,ROW1
367,TUCABINS 2-4-LROW1,TU_Level,EPAS2021 548-549,EPAS2021 548; EPAS2021 549,2,CABINS 2-4,ROW1
368,TUCABINS 2-4-LROW1,TU_Level,EPAS2021 550-551,EPAS2021 550; EPAS2021 551,2,CABINS 2-4,ROW1
369,TUCABINS 2-4-LROW1,TU_Level,EPAS2021 552-553,EPAS2021 552; EPAS2021 553,2,CABINS 2-4,ROW1
370,TUCABINS 2-4-LROW1,TU_Level,EPAS2021 554-555,EPAS2021 554; EPAS2021 555,2,CABINS 2-4,ROW1
371,TUCABINS 2-4-LROW1,TU_Level,EPAS2021 556-557,EPAS2021 556; EPAS2021 557,2,CABINS 2-4,ROW1
372,TUCABINS 2-4-LROW1,TU_Level,EPAS2021 558-559,EPAS2021 558; EPAS2021 559,2,CABINS 2-4,ROW1
373,TUCABINS 2-4-LROW1,TU_Level,EPAS2021 560-561,EPAS2021 560; EPAS2021 561,2,CABINS 2-4,ROW1
374,TUCABINS 2-4-LROW1,TU_Level,EPAS2021 562-563,EPAS2021 562; EPAS2021 563,2,CABINS 2-4,ROW1
375,TUCABIN 1-LROW1,TU_Level,EPAS2021 564-565,EPAS2021 564; EPAS2021 565,2,CABIN 1,ROW1
376,TUCABINS 1-2-LROW2,TU_Level,EPAS2021 566-567,EPAS2021 566; EPAS2021 567,2,CABINS 1-2,ROW2
377,TUCABINS 1-2-LROW2,TU_Level,EPAS2021 568-569,EPAS2021 568; EPAS2021 569,2,CABINS 1-2,ROW2
378,TUCABINS 1-2-LROW2,TU_Level,EPAS2021 570-571,EPAS2021 570; EPAS2021 571,2,CABINS 1-2,ROW2
379,TUCABINS 1-2-LROW2,TU_Level,EPAS2021 572-573,EPAS2021 572; EPAS2021 573,2,CABINS 1-2,ROW2
380,TUCABINS 1-2-LROW2,TU_Level,EPAS2021 574-575,EPAS2021 574; EPAS2021 575,2,CABINS 1-2,ROW2
381,TUCABINS 1-2-LROW2,TU_Level,EPAS2021 576-577,EPAS2021 576; EPAS2021 577,2,CABINS 1-2,ROW2
382,TUCABINS 1-2-LROW2,TU_Level,EPAS2021 578-579,EPAS2021 578; EPAS2021 579,2,CABINS 1-2,ROW2
383,TUCABINS 1-2-LROW2,TU_Level,EPAS2021 580-581,EPAS2021 580; EPAS2021 581,2,CABINS 1-2,ROW2
384,TUCABINS 1-2-LROW2,TU_Level,EPAS2021 582-583,EPAS2021 582; EPAS2021 583,2,CABINS 1-2,ROW2
385,TUCABINS 1-2-LROW2,TU_Level,EPAS2021 584-585,EPAS2021 584; EPAS2021 585,2,CABINS 1-2,ROW2
386,TUB/T CABINS 2-3-LROW5,TU_Level,EPAS2021 586-587,EPAS2021 586; EPAS2021 587,2,B/T CABINS 2-3,ROW5
387,TUB/T CABINS 2-3-LROW5,TU_Level,EPAS2021 588-589,EPAS2021 588; EPAS2021 589,2,B/T CABINS 2-3,ROW5
388,TUB/T CABINS 2-3-LROW5,TU_Level,EPAS2021 590-591,EPAS2021 590; EPAS2021 591,2,B/T CABINS 2-3,ROW5
389,TUB/T CABINS 2-3-LROW5,TU_Level,EPAS2021 592-593,EPAS2021 592; EPAS2021 593,2,B/T CABINS 2-3,ROW5
390,TUB/T CABINS 2-3-LROW5,TU_Level,EPAS2021 594-595,EPAS2021 594; EPAS2021 595,2,B/T CABINS 2-3,ROW5
391,TUB/T CABINS 2-3-LROW5,TU_Level,EPAS2021 596-597,EPAS2021 596; EPAS2021 597,2,B/T CABINS 2-3,ROW5
392,TUB/T CABINS 2-3-LROW5,TU_Level,EPAS2021 598-599,EPAS2021 598; EPAS2021 599,2,B/T CABINS 2-3,ROW5
393,TUB/T CABINS 2-3-LROW5,TU_Level,EPAS2021 600-601,EPAS2021 600; EPAS2021 601,2,B/T CABINS 2-3,ROW5
394,TUB/T CABINS 2-3-LROW5,TU_Level,EPAS2021 602-603,EPAS2021 602; EPAS2021 603,2,B/T CABINS 2-3,ROW5
395,TUB/T CABINS 2-3-LROW5,TU_Level,EPAS2021 604-605,EPAS2021 604; EPAS2021 605,2,B/T CABINS 2-3,ROW5
396,TUB/T CABINS 2-3-LROW5,TU_Level,EPAS2021 606-607,EPAS2021 606; EPAS2021 607,2,B/T CABINS 2-3,ROW5
397,TUB/T CABINS 2-3-LROW5,TU_Level,EPAS2021 608-609,EPAS2021 608; EPAS2021 609,2,B/T CABINS 2-3,ROW5
398,TUB/T CABINS 2-3-LROW5,TU_Level,EPAS2021 610-611,EPAS2021 610; EPAS2021 611,2,B/T CABINS 2-3,ROW5
399,TUB/T CABINS 2-3-LROW5,TU_Level,EPAS2021 612-613,EPAS2021 612; EPAS2021 613,2,B/T CABINS 2-3,ROW5
400,TUB/T CABINS 2-3-LROW5,TU_Level,EPAS2021 614-615,EPAS2021 614; EPAS2021 615,2,B/T CABINS 2-3,ROW5
401,TUB/T CABINS 2-3-LROW5,TU_Level,EPAS2021 617-618,EPAS2021 617; EPAS2021 618,2,B/T CABINS 2-3,ROW5
402,TUB/T CABINS 2-3-LROW5,TU_Level,EPAS2021 619-620,EPAS2021 619; EPAS2021 620,2,B/T CABINS 2-3,ROW5
403,TUB/T CABINS 2-3-LROW5,TU_Level,EPAS2021 621-622,EPAS2021 621; EPAS2021 622,2,B/T CABINS 2-3,ROW5
404,TUB/T CABINS 2-3-LROW5,TU_Level,EPAS2021 623-624,EPAS2021 623; EPAS2021 624,2,B/T CABINS 2-3,ROW5
405,TUB/T CABINS 2-3-LROW5,TU_Level,EPAS2021 625-626,EPAS2021 625; EPAS2021 626,2,B/T CABINS 2-3,ROW5
406,TUB/T CABINS 2-3-LROW5,TU_Level,EPAS2021 627-628,EPAS2021 627; EPAS2021 628,2,B/T CABINS 2-3,ROW5
407,TUB/T CABINS 2-3-LROW5,TU_Level,EPAS2021 629-630,EPAS2021 629; EPAS2021 630,2,B/T CABINS 2-3,ROW5
408,TUB/T CABINS 2-3-LROW5,TU_Level,EPAS2021 631-632,EPAS2021 631; EPAS2021 632,2,B/T CABINS 2-3,ROW5
409,TUB/T CABINS 2-3-LROW5,TU_Level,EPAS2021 633-634,EPAS2021 633; EPAS2021 634,2,B/T CABINS 2-3,ROW5
410,TUB/T CABINS 2-3-LROW5,TU_Level,EPAS2021 635-636,EPAS2021 635; EPAS2021 636,2,B/T CABINS 2-3,ROW5
411,TUB/T CABINS 2-3-LROW5,TU_Level,EPAS2021 637-638,EPAS2021 637; EPAS2021 638,2,B/T CABINS 2-3,ROW5
412,TUCABIN 2-LROW6,TU_Level,EPAS2021-639-640,EPAS2021 639; EPAS2021 640,2,CABIN 2,ROW6
413,TUCABIN 2-LROW6,TU_Level,EPAS2021-641-642,EPAS2021 641; EPAS2021 642,2,CABIN 2,ROW6
414,TUCABIN 2-LROW6,TU_Level,EPAS2021-643-644,EPAS2021 643; EPAS2021 644,2,CABIN 2,ROW6
415,TUCABIN 3-LROW3,TU_Level,EPAS2021-645-646,EPAS2021 645; EPAS2021 646,2,CABIN 3,ROW3
416,TUCABIN 2-LROW5,TU_Level,EPAS2021-647-648,EPAS2021 647; EPAS2021 648,2,CABIN 2,ROW5
417,TUB/T CABINS 4-5-LROW6,TU_Level,EPAS2021-649-650,EPAS2021 649; EPAS2021 650,2,B/T CABINS 4-5,ROW6
418,TUCABIN 3-LROW6,TU_Level,EPAS2021-651-652,EPAS2021 651; EPAS2021 652,2,CABIN 3,ROW6
419,TUCABIN 13-Lunknown,TU_no_level,EPAS2021-653-654,EPAS2021 653; EPAS2021 654,2,CABIN 13,
420,STP14,STP_from_TU_column,EPAS2021-655-656,EPAS2021 655; EPAS2021 656,2,STP14,
421,STP14,STP_from_TU_column,EPAS2021-657-658,EPAS2021 657; EPAS2021 658,2,STP14,
422,STP14,STP_from_TU_column,EPAS2021-659-660,EPAS2021 659; EPAS2021 660,2,STP14,
423,TUCABIN 2-LROW8,TU_Level,EPAS2021-661-662,EPAS2021 661; EPAS2021 662,2,CABIN 2,ROW8
424,TUCABIN 2-LROW8,TU_Level,EPAS2021-663-664,EPAS2021 663; EPAS2021 664,2,CABIN 2,ROW8
425,TUSF (BOX11)-Lunknown,TU_no_level,EPAS2021-665-666,EPAS2021 665; EPAS2021 666,2,SF (BOX11),
426,TUCABIN 3-LROW9,TU_Level,EPAS2021-667-668,EPAS2021 667; EPAS2021 668,2,CABIN 3,ROW9
427,TUCABIN 3-LROW9,TU_Level,EPAS2021-669-670,EPAS2021 669; EPAS2021 670,2,CABIN 3,ROW9
428,TUCABIN 2-Lunknown,TU_no_level,EPAS2021-671-672,EPAS2021 671; EPAS2021 672,2,CABIN 2,
429,TUCABIN 3-LROW4,TU_Level,EPAS2021-673-674,EPAS2021 673; EPAS2021 674,2,CABIN 3,ROW4
430,TU7-L2,TU_Level,EPAS2021-675-676,EPAS2021 675; EPAS2021 676,2,7,2
431,TU7-L2,TU_Level,EPAS2021-677-678,EPAS2021 677; EPAS2021 678,2,7,2
432,TUCABIN 1-LROW5,TU_Level,EPAS2021-679-680,EPAS2021 679; EPAS2021 680,2,CABIN 1,ROW5
433,TUCABIN 4-Lunknown,TU_no_level,EPAS2021-681-682,EPAS2021 681; EPAS2021 682,2,CABIN 4,
434,TUCABIN 4-Lunknown,TU_no_level,EPAS2021-683-684,EPAS2021 683; EPAS2021 684,2,CABIN 4,
435,TUCABIN 4-Lunknown,TU_no_level,EPAS2021-685-686,EPAS2021 685; EPAS2021 686,2,CABIN 4,
436,TUCABIN 1-LROW4,TU_Level,EPAS2021-687-688,EPAS2021 687; EPAS2021 688,2,CABIN 1,ROW4
437,TUCABIN 4-Lunknown,TU_no_level,EPAS2021-689-690,EPAS2021 689; EPAS2021 690,2,CABIN 4,
438,TUCABIN 4-Lunknown,TU_no_level,EPAS2021-691-692,EPAS2021 691; EPAS2021 692,2,CABIN 4,
439,TUCABIN 4-Lunknown,TU_no_level,EPAS2021-693-694,EPAS2021 693; EPAS2021 694,2,CABIN 4,
440,TUCABIN 4-Lunknown,TU_no_level,EPAS2021-695-696,EPAS2021 695; EPAS2021 696,2,CABIN 4,
441,TUCABIN 4-Lunknown,TU_no_level,EPAS2021-697-698,EPAS2021 697; EPAS2021 698,2,CABIN 4,
442,TUCABIN 4-Lunknown,TU_no_level,EPAS2021-699-700,EPAS2021 699; EPAS2021 700,2,CABIN 4,
443,TUCABIN 4-Lunknown,TU_no_level,EPAS2021-701-702,EPAS2021 701; EPAS2021 702,2,CABIN 4,
444,TUCABIN 4-Lunknown,TU_no_level,EPAS2021-703-704,EPAS2021 703; EPAS2021 704,2,CABIN 4,
445,TUCABIN 4-Lunknown,TU_no_level,EPAS2021-705-706,EPAS2021 705; EPAS2021 706,2,CABIN 4,
446,TUCABIN 4-Lunknown,TU_no_level,EPAS2021-707-708,EPAS2021 707; EPAS2021 708,2,CABIN 4,
447,TUCABIN 4-Lunknown,TU_no_level,EPAS2021-709-710,EPAS2021 709; EPAS2021 710,2,CABIN 4,
448,TUCABIN 4-Lunknown,TU_no_level,EPAS2021-711-712,EPAS2021 711; EPAS2021 712,2,CABIN 4,
449,TUCABIN 4-Lunknown,TU_no_level,EPAS2021-713-714,EPAS2021 713; EPAS2021 714,2,CABIN 4,
450,TUCABIN 4-Lunknown,TU_no_level,EPAS2021-715-716,EPAS2021 715; EPAS2021 716,2,CABIN 4,
451,TUCABIN 4-Lunknown,TU_no_level,EPAS2021-717-718,EPAS2021 717; EPAS2021 718,2,CABIN 4,
452,TUCABIN 4-Lunknown,TU_no_level,EPAS2021-719-720,EPAS2021 719; EPAS2021 720,2,CABIN 4,
453,TUCABIN 4-Lunknown,TU_no_level,EPAS2021-721-722,EPAS2021 721; EPAS2021 722,2,CABIN 4,
454,TUCABIN 4-Lunknown,TU_no_level,EPAS2021-723-724,EPAS2021 723; EPAS2021 724,2,CABIN 4,
455,TUCABIN 4-Lunknown,TU_no_level,EPAS2021-725-726,EPAS2021 725; EPAS2021 726,2,CABIN 4,
456,TU9-L2,TU_Level,EPAS2021-727-728,EPAS2021 727; EPAS2021 728,2,9,2
457,TU9-L2,TU_Level,EPAS2021-729-730,EPAS2021 729; EPAS2021 730,2,9,2
458,TUSF-Lunknown,TU_no_level,EPAS2021-731-732,EPAS2021 731; EPAS2021 732,2,SF,
459,TUSF-Lunknown,TU_no_level,EPAS2021-733-734,EPAS2021 733; EPAS2021 734,2,SF,
460,TUSF-Lunknown,TU_no_level,EPAS2021-735-736,EPAS2021 735; EPAS2021 736,2,SF,
461,TUSF-Lunknown,TU_no_level,EPAS2021-737-738,EPAS2021 737; EPAS2021 738,2,SF,
462,TUSF-Lunknown,TU_no_level,EPAS2021-739-740,EPAS2021 739; EPAS2021 740,2,SF,
463,TUSF-Lunknown,TU_no_level,EPAS2021-741-742,EPAS2021 741; EPAS2021 742,2,SF,
464,TUCABIN 2-LROW7,TU_Level,EPAS2021-743-744,EPAS2021 743; EPAS2021 744,2,CABIN 2,ROW7
465,TUCABIN 2-LROW7,TU_Level,EPAS2021-745-746,EPAS2021 745; EPAS2021 746,2,CABIN 2,ROW7
466,TUCABIN 2-LROW7,TU_Level,EPAS2021-747-748,EPAS2021 747; EPAS2021 748,2,CABIN 2,ROW7
467,TU9-L2,TU_Level,EPAS2021-749-750,EPAS2021 749; EPAS2021 750,2,9,2
468,TU9-L2,TU_Level,EPAS2021-751-752,EPAS2021 751; EPAS2021 752,2,9,2
469,STP15,STP_from_TU_column,EPAS2021-753-754,EPAS2021 753; EPAS2021 754,2,STP 15,
470,STP15,STP_from_TU_column,EPAS2021-755-756,EPAS2021 755; EPAS2021 756,2,STP 15,
471,STP15,STP_from_TU_column,EPAS2021-757-758,EPAS2021 757; EPAS2021 758,2,STP 15,
472,STP15,STP_from_TU_column,EPAS2021-759-760,EPAS2021 759; EPAS2021 760,2,STP 15,
473,STP15,STP_from_TU_column,EPAS2021-761-762,EPAS2021 761; EPAS2021 762,2,STP 15,
474,STP15,STP_from_TU_column,EPAS2021-763-764,EPAS2021 763; EPAS2021 764,2,STP 15,
475,STP15,STP_from_TU_column,EPAS2021-765-766,EPAS2021 765; EPAS2021 766,2,STP 15,
476,STP15,STP_from_TU_column,EPAS2021-767-768,EPAS2021 767; EPAS2021 768,2,STP 15,
477,STP15,STP_from_TU_column,EPAS2021-769-770,EPAS2021 769; EPAS2021 770,2,STP 15,
478,STP15,STP_from_TU_column,EPAS2021-771-772,EPAS2021 771; EPAS2021 772,2,STP 15,
479,STP15,STP_from_TU_column,EPAS2021-773-774,EPAS2021 773; EPAS2021 774,2,STP 15,
480,STP15,STP_from_TU_column,EPAS2021-775-776,EPAS2021 775; EPAS2021 776,2,STP 15,
481,STP15,STP_from_TU_column,EPAS2021-777-778,EPAS2021 777; EPAS2021 778,2,STP 15,
482,STP15,STP_from_TU_column,EPAS2021-779-780,EPAS2021 779; EPAS2021 780,2,STP 15,
483,STP15,STP_from_TU_column,EPAS2021-781-782,EPAS2021 781; EPAS2021 782,2,STP 15,
484,TUCABIN 13-Lunknown,TU_no_level,EPAS2021-783-784,EPAS2021 783; EPAS2021 784,2,CABIN 13,
485,TUCABIN 13-Lunknown,TU_no_level,EPAS2021-785-786,EPAS2021 785; EPAS2021 786,2,CABIN 13,
486,TUCABIN 13-Lunknown,TU_no_level,EPAS2021-787-788,EPAS2021 787; EPAS2021 788,2,CABIN 13,
487,TUCABIN 13-Lunknown,TU_no_level,EPAS2021-789-790,EPAS2021 789; EPAS2021 790,2,CABIN 13,
488,TUCABIN 13-Lunknown,TU_no_level,EPAS2021-791-792,EPAS2021 791; EPAS2021 792,2,CABIN 13,
489,TUCABIN 3-LROW8,TU_Level,EPAS2021-793-794,EPAS2021 793; EPAS2021 794,2,CABIN 3,ROW8
490,TUCABIN 3-LROW8,TU_Level,EPAS2021-795-796,EPAS2021 795; EPAS2021 796,2,CABIN 3,ROW8
491,TUCABIN 3-LROW8,TU_Level,EPAS2021-797-798,EPAS2021 797; EPAS2021 798,2,CABIN 3,ROW8
492,TUCABIN 2-LROW9,TU_Level,EPAS2021-799-800,EPAS2021 799; EPAS2021 800,2,CABIN 2,ROW9
493,TUCABIN 2-LROW9,TU_Level,EPAS2021-801-802,EPAS2021 801; EPAS2021 802,2,CABIN 2,ROW9
494,TUCABIN 2-LROW9,TU_Level,EPAS2021-803-804,EPAS2021 803; EPAS2021 804,2,CABIN 2,ROW9
495,TUCABIN 7-Lunknown,TU_no_level,EPAS2021-805-806,EPAS2021 805; EPAS2021 806,2,CABIN 7,
496,TUCABIN 7-Lunknown,TU_no_level,EPAS2021-807-808,EPAS2021 807; EPAS2021 808,2,CABIN 7,
497,TUCABIN 7-Lunknown,TU_no_level,EPAS2021-809-810,EPAS2021 809; EPAS2021 810,2,CABIN 7,
498,TUCABIN 7-Lunknown,TU_no_level,EPAS2021-811-812,EPAS2021 811; EPAS2021 812,2,CABIN 7,
499,TUCABIN 7-Lunknown,TU_no_level,EPAS2021-813-814,EPAS2021 813; EPAS2021 814,2,CABIN 7,
500,TUCABIN 7-Lunknown,TU_no_level,EPAS2021-815-816,EPAS2021 815; EPAS2021 816,2,CABIN 7,
501,"TUBT CABIN 12, 13-Lunknown",TU_no_level,EPAS2021-817-818,EPAS2021 817; EPAS2021 818,2,"BT CABIN 12, 13",
502,"TUBT CABIN 12, 13-Lunknown",TU_no_level,EPAS2021-819-820,EPAS2021 819; EPAS2021 820,2,"BT CABIN 12, 13",
503,"TUBT CABIN 12, 13-Lunknown",TU_no_level,EPAS2021-821-822,EPAS2021 821; EPAS2021 822,2,"BT CABIN 12, 13",
504,"TUBT CABIN 12, 13-Lunknown",TU_no_level,EPAS2021-823-824,EPAS2021 823; EPAS2021 824,2,"BT CABIN 12, 13",
505,"TUBT CABIN 12, 13-Lunknown",TU_no_level,EPAS2021-825-826,EPAS2021 825; EPAS2021 826,2,"BT CABIN 12, 13",
506,"TUBT CABIN 12, 13-Lunknown",TU_no_level,EPAS2021-827-828,EPAS2021 827; EPAS2021 828,2,"BT CABIN 12, 13",
507,"TUBT CABIN 12, 13-Lunknown",TU_no_level,EPAS2021-829-830,EPAS2021 829; EPAS2021 830,2,"BT CABIN 12, 13",
508,TUCABIN 1-LROW6,TU_Level,EPAS2021-831-832,EPAS2021 831; EPAS2021 832,2,CABIN 1,ROW6
509,"TUBT CABIN 2, 3-LROWS3+4",TU_Level,EPAS2021-833-834,EPAS2021 833; EPAS2021 834,2,"BT CABIN 2, 3",ROWS3+4
510,"TUBT CABIN 2, 3-LROWS3+4",TU_Level,EPAS2021-835-836,EPAS2021 835; EPAS2021 836,2,"BT CABIN 2, 3",ROWS3+4
511,"TUBT CABIN 2, 3-LROWS3+4",TU_Level,EPAS2021-837-838,EPAS2021 837; EPAS2021 838,2,"BT CABIN 2, 3",ROWS3+4
512,"TUBT CABIN 2, 3-LROWS3+4",TU_Level,EPAS2021-839-840,EPAS2021 839; EPAS2021 840,2,"BT CABIN 2, 3",ROWS3+4
513,"TUBT CABIN 2, 3-LROWS3+4",TU_Level,EPAS2021-841-842,EPAS2021 841; EPAS2021 842,2,"BT CABIN 2, 3",ROWS3+4
514,"TUBT CABIN 2, 3-LROWS3+4",TU_Level,EPAS2021-843-844,EPAS2021 843; EPAS2021 844,2,"BT CABIN 2, 3",ROWS3+4
515,"TUBT CABIN 2, 3-LROWS3+4",TU_Level,EPAS2021-845-846,EPAS2021 845; EPAS2021 846,2,"BT CABIN 2, 3",ROWS3+4
516,"TUBT CABIN 2, 3-LROWS3+4",TU_Level,EPAS2021-847-848,EPAS2021 847; EPAS2021 848,2,"BT CABIN 2, 3",ROWS3+4
517,"TUBT CABIN 2, 3-LROWS3+4",TU_Level,EPAS2021-849-850,EPAS2021 849; EPAS2021 850,2,"BT CABIN 2, 3",ROWS3+4
518,"TUBT CABIN 2, 3-LROWS3+4",TU_Level,EPAS2021-851-852,EPAS2021 851; EPAS2021 852,2,"BT CABIN 2, 3",ROWS3+4
519,"TUBT CABIN 2, 3-LR8",TU_Level,EPAS2021-853-854,EPAS2021 853; EPAS2021 854,2,"BT CABIN 2, 3",R8
520,"TUBT CABIN 2, 3-LR8",TU_Level,EPAS2021-855-856,EPAS2021 855; EPAS2021 856,2,"BT CABIN 2, 3",R8
521,TUBOX 11-Lunknown,TU_no_level,EPAS2021-857-858,EPAS2021 857; EPAS2021 858,2,BOX 11,
522,TUBOX 11-Lunknown,TU_no_level,EPAS2021-859-860,EPAS2021 859; EPAS2021 860,2,BOX 11,
523,TUSF-Lunknown,TU_no_level,EPAS2021-861-862,EPAS2021 861; EPAS2021 862,2,SF,
524,TUSF-Lunknown,TU_no_level,EPAS2021-863-864,EPAS2021 863; EPAS2021 864,2,SF,
525,TUSF-Lunknown,TU_no_level,EPAS2021-865-866,EPAS2021 865; EPAS2021 866,2,SF,
526,TUSF-Lunknown,TU_no_level,EPAS2021-867-868,EPAS2021 867; EPAS2021 868,2,SF,
527,TUSF-Lunknown,TU_no_level,EPAS2021-869-870,EPAS2021 869; EPAS2021 870,2,SF,
528,TUSF-Lunknown,TU_no_level,EPAS2021-871-872,EPAS2021 871; EPAS2021 872,2,SF,
529,TUSF-Lunknown,TU_no_level,EPAS2021-873-875,EPAS2021 873; EPAS2021 874; EPAS2021 875,3,SF,
530,TUSF-Lunknown,TU_no_level,EPAS2021-876-877,EPAS2021 876; EPAS2021 877,2,SF,
531,TUSF-Lunknown,TU_no_level,EPAS2021-878-879,EPAS2021 878; EPAS2021 879,2,SF,
532,TUCABIN 3-LROW4,TU_Level,EPAS2021-880-881,EPAS2021 880; EPAS2021 881,2,CABIN 3,ROW4
533,TU12-L1,TU_Level,EPAS2021-882-883,EPAS2021 882; EPAS2021 883,2,12,1
534,TU12-L1,TU_Level,EPAS2021-884-885,EPAS2021 884; EPAS2021 885,2,12,1
535,TU12-L1,TU_Level,EPAS2021-886-887,EPAS2021 886; EPAS2021 887,2,12,1
536,TU12-L1,TU_Level,EPAS2021-888-889,EPAS2021 888; EPAS2021 889,2,12,1
537,TUCABIN 3-Lunknown,TU_no_level,EPAS2021-890-891,EPAS2021 890; EPAS2021 891,2,CABIN 3,
538,TUSF-Lunknown,TU_no_level,EPAS2021-892-894,EPAS2021 892; EPAS2021 893; EPAS2021 894,3,SF,
539,"TUSF, CABIN 4+5-LROW4",TU_Level,EPAS2021-895-896,EPAS2021 895; EPAS2021 896,2,"SF, CABIN 4+5",ROW4
540,"TUSF, CABIN 4+5-LROW4",TU_Level,EPAS2021-897-898,EPAS2021 897; EPAS2021 898,2,"SF, CABIN 4+5",ROW4
541,"TUSF, CABIN 4+5-LROW4",TU_Level,EPAS2021-899-900,EPAS2021 899; EPAS2021 900,2,"SF, CABIN 4+5",ROW4
542,"TUSF, CABIN 3-LROW4",TU_Level,EPAS2021-901-902,EPAS2021 901; EPAS2021 902,2,"SF, CABIN 3",ROW4
543,"TUSF, CABIN 3-LROW4",TU_Level,EPAS2021-903-905,EPAS2021 903; EPAS2021 904; EPAS2021 905,3,"SF, CABIN 3",ROW4
544,TUCABIN 4-Lunknown,TU_no_level,EPAS2021-906-907,EPAS2021 906; EPAS2021 907,2,CABIN 4,
545,TUCABIN 4-Lunknown,TU_no_level,EPAS2021-908-909,EPAS2021 908; EPAS2021 909,2,CABIN 4,
546,TUCABIN 4-Lunknown,TU_no_level,EPAS2021-910-911,EPAS2021 910; EPAS2021 911,2,CABIN 4,
547,TUCABIN 4-Lunknown,TU_no_level,EPAS2021-912-913,EPAS2021 912; EPAS2021 913,2,CABIN 4,
548,TUCABIN 4-Lunknown,TU_no_level,EPAS2021-914-915,EPAS2021 914; EPAS2021 915,2,CABIN 4,
549,TUCABIN 4-Lunknown,TU_no_level,EPAS2021-916-917,EPAS2021 916; EPAS2021 917,2,CABIN 4,
550,TUCABIN 4-Lunknown,TU_no_level,EPAS2021-918-919,EPAS2021 918; EPAS2021 919,2,CABIN 4,
551,TUCABIN 4-Lunknown,TU_no_level,EPAS2021-920-921,EPAS2021 920; EPAS2021 921,2,CABIN 4,
552,TUCABIN 4-Lunknown,TU_no_level,EPAS2021-922-923,EPAS2021 922; EPAS2021 923,2,CABIN 4,
553,TUCABIN 4-Lunknown,TU_no_level,EPAS2021-924-925,EPAS2021 924; EPAS2021 925,2,CABIN 4,
554,TUSF (TREELINE)-Lunknown,TU_no_level,EPAS2021-926-927,EPAS2021 926; EPAS2021 927,2,SF (TREELINE),
555,TUSF (TREELINE)-Lunknown,TU_no_level,EPAS2021-928-929,EPAS2021 928; EPAS2021 929,2,SF (TREELINE),
556,TUSF (TREELINE)-Lunknown,TU_no_level,EPAS2021-930-931,EPAS2021 930; EPAS2021 931,2,SF (TREELINE),
557,TUSF (TREELINE)-Lunknown,TU_no_level,EPAS2021-932-933,EPAS2021 932; EPAS2021 933,2,SF (TREELINE),
558,TUSF (TREELINE)-Lunknown,TU_no_level,EPAS2021-934-935,EPAS2021 934; EPAS2021 935,2,SF (TREELINE),
559,TUSF (TREELINE)-Lunknown,TU_no_level,EPAS2021-936-937,EPAS2021 936; EPAS2021 937,2,SF (TREELINE),
560,TUSF (TREELINE)-Lunknown,TU_no_level,EPAS2021-938-939,EPAS2021 938; EPAS2021 939,2,SF (TREELINE),
561,TUSF (TREELINE)-Lunknown,TU_no_level,EPAS2021-940-941,EPAS2021 940; EPAS2021 941,2,SF (TREELINE),
562,TUSF (TREELINE)-Lunknown,TU_no_level,EPAS2021-942-943,EPAS2021 942; EPAS2021 943,2,SF (TREELINE),
563,TUSF (TREELINE)-Lunknown,TU_no_level,EPAS2021-944-945,EPAS2021 944; EPAS2021 945,2,SF (TREELINE),
564,TUSF (TREELINE)-Lunknown,TU_no_level,EPAS2021-946-947,EPAS2021 946; EPAS2021 947,2,SF (TREELINE),
565,TUSF (TREELINE)-Lunknown,TU_no_level,EPAS2021-948-949,EPAS2021 948; EPAS2021 949,2,SF (TREELINE),
566,TUSF (TREELINE)-Lunknown,TU_no_level,EPAS2021-950-951,EPAS2021 950; EPAS2021 951,2,SF (TREELINE),
567,TUSF (TREELINE)-Lunknown,TU_no_level,EPAS2021-952-953,EPAS2021 952; EPAS2021 953,2,SF (TREELINE),
568,TUSF (TREELINE)-Lunknown,TU_no_level,EPAS2021-954-955,EPAS2021 954; EPAS2021 955,2,SF (TREELINE),
569,TUSF (TREELINE)-Lunknown,TU_no_level,EPAS2021-956-957,EPAS2021 956; EPAS2021 957,2,SF (TREELINE),
570,STP13,STP_from_TU_column,EPAS2021-958-959,EPAS2021 958; EPAS2021 959,2,STP13,
571,STP13,STP_from_TU_column,EPAS2021-960-961,EPAS2021 960; EPAS2021 961,2,STP13,
572,STP13,STP_from_TU_column,EPAS2021-962-963,EPAS2021 962; EPAS2021 963,2,STP13,
573,TUOP3C1-Lunknown,TU_no_level,EPAS2021-964-966,EPAS2021 964; EPAS2021 965; EPAS2021 966,3,OP3C1,
574,TUOP3C1-Lunknown,TU_no_level,EPAS2021-967-968,EPAS2021 967; EPAS2021 968,2,OP3C1,
575,TUOP3C1-Lunknown,TU_no_level,EPAS2021-969-970,EPAS2021 969; EPAS2021 970,2,OP3C1,
576,TUOP3C1-Lunknown,TU_no_level,EPAS2021-971-972,EPAS2021 971; EPAS2021 972,2,OP3C1,
577,TUOP3C1-Lunknown,TU_no_level,EPAS2021-973-974,EPAS2021 973; EPAS2021 974,2,OP3C1,
578,TUOP3C1-Lunknown,TU_no_level,EPAS2021-975-976,EPAS2021 975; EPAS2021 976,2,OP3C1,
579,TUOP3C1-Lunknown,TU_no_level,EPAS2021-977-978,EPAS2021 977; EPAS2021 978,2,OP3C1,
580,TUOP3C1-Lunknown,TU_no_level,EPAS2021-979-980,EPAS2021 979; EPAS2021 980,2,OP3C1,
581,TUOP3C1-Lunknown,TU_no_level,EPAS2021-981-982,EPAS2021 981; EPAS2021 982,2,OP3C1,
582,TUOP3C1-Lunknown,TU_no_level,EPAS2021-983-984,EPAS2021 983; EPAS2021 984,2,OP3C1,
583,TUCABIN 3-LROW5,TU_Level,EPAS2021-985-986,EPAS2021 985; EPAS2021 986,2,CABIN 3,ROW5
584,TUSF(N.D)-Lunknown,TU_no_level,EPAS2021-987-988,EPAS2021 987; EPAS2021 988,2,SF(N.D),
585,TUSF(N.D)-Lunknown,TU_no_level,EPAS2021-989-990,EPAS2021 989; EPAS2021 990,2,SF(N.D),
586,TUSF(N.D)-Lunknown,TU_no_level,EPAS2021-991-992,EPAS2021 991; EPAS2021 992,2,SF(N.D),
587,TUSF(N.D)-Lunknown,TU_no_level,EPAS2021-993-994,EPAS2021 993; EPAS2021 994,2,SF(N.D),
588,TUSF(N.D)-Lunknown,TU_no_level,EPAS2021-995-996,EPAS2021 995; EPAS2021 996,2,SF(N.D),
589,TUSF(N.D)-Lunknown,TU_no_level,EPAS2021-997-998,EPAS2021 997; EPAS2021 998,2,SF(N.D),
590,TUSF(N.D)-Lunknown,TU_no_level,EPAS2021-999-1000,EPAS2021 999; EPAS2021 1000,2,SF(N.D),
591,TUSF(N.D)-Lunknown,TU_no_level,EPAS2021-1001-1002,EPAS2021 1001; EPAS2021 1002,2,SF(N.D),
592,TUSF(N.D)-Lunknown,TU_no_level,EPAS2021-1003-1004,EPAS2021 1003; EPAS2021 1004,2,SF(N.D),
593,TUSF(N.D)-Lunknown,TU_no_level,EPAS2021-1005-1006,EPAS2021 1005; EPAS2021 1006,2,SF(N.D),
594,TUSF(N.D)-Lunknown,TU_no_level,EPAS2021-1007-1008,EPAS2021 1007; EPAS2021 1008,2,SF(N.D),
595,TUSF(N.D)-Lunknown,TU_no_level,EPAS2021-1009-1010,EPAS2021 1009; EPAS2021 1010,2,SF(N.D),
596,TUSF(N.D)-Lunknown,TU_no_level,EPAS2021-1011-1012,EPAS2021 1011; EPAS2021 1012,2,SF(N.D),
597,TUSF(N.D)-Lunknown,TU_no_level,EPAS2021-1013-1014,EPAS2021 1013; EPAS2021 1014,2,SF(N.D),
598,TUSF(N.D)-Lunknown,TU_no_level,EPAS2021-1015-1016,EPAS2021 1015; EPAS2021 1016,2,SF(N.D),
599,TUSF(N.D)-Lunknown,TU_no_level,EPAS2021-1017-1018,EPAS2021 1017; EPAS2021 1018,2,SF(N.D),
600,TUSF(N.D)-Lunknown,TU_no_level,EPAS2021-1019-1020,EPAS2021 1019; EPAS2021 1020,2,SF(N.D),
601,TUSF(N.D)-Lunknown,TU_no_level,EPAS2021-1021-1022,EPAS2021 1021; EPAS2021 1022,2,SF(N.D),
602,TUSF(N.D)-Lunknown,TU_no_level,EPAS2021-1023-1024,EPAS2021 1023; EPAS2021 1024,2,SF(N.D),
603,TUSF(N.D)-Lunknown,TU_no_level,EPAS2021-1025-1026,EPAS2021 1025; EPAS2021 1026,2,SF(N.D),
604,TUSF(N.D)-Lunknown,TU_no_level,EPAS2021-1027-1028,EPAS2021 1027; EPAS2021 1028,2,SF(N.D),
605,TUSF(N.D)-Lunknown,TU_no_level,EPAS2021-1029-1030,EPAS2021 1029; EPAS2021 1030,2,SF(N.D),
606,TUSF(N.D)-Lunknown,TU_no_level,EPAS2021-1031-1032,EPAS2021 1031; EPAS2021 1032,2,SF(N.D),
607,TUSF(N.D)-Lunknown,TU_no_level,EPAS2021-1033-1034,EPAS2021 1033; EPAS2021 1034,2,SF(N.D),
608,TUSF(N.D)-Lunknown,TU_no_level,EPAS2021-1035-1036,EPAS2021 1035; EPAS2021 1036,2,SF(N.D),
609,TUSF(N.D)-Lunknown,TU_no_level,EPAS2021-1037-1038,EPAS2021 1037; EPAS2021 1038,2,SF(N.D),
610,TUSF(N.D)-Lunknown,TU_no_level,EPAS2021-1039-1040,EPAS2021 1039; EPAS2021 1040,2,SF(N.D),
611,TUSF(N.D)-Lunknown,TU_no_level,EPAS2021-1041-1042,EPAS2021 1041; EPAS2021 1042,2,SF(N.D),
612,TUSF(N.D)-Lunknown,TU_no_level,EPAS2021-1043-1044,EPAS2021 1043; EPAS2021 1044,2,SF(N.D),
613,TUSF(N.D)-Lunknown,TU_no_level,EPAS2021-1045-1046,EPAS2021 1045; EPAS2021 1046,2,SF(N.D),
614,TUSF(N.D)-Lunknown,TU_no_level,EPAS2021-1047-1048,EPAS2021 1047; EPAS2021 1048,2,SF(N.D),
615,TUSF(N.D)-Lunknown,TU_no_level,EPAS2021-1049-1050,EPAS2021 1049; EPAS2021 1050,2,SF(N.D),
616,TUSF(N.D)-Lunknown,TU_no_level,EPAS2021-1051-1052,EPAS2021 1051; EPAS2021 1052,2,SF(N.D),
617,TUSF(N.D)-Lunknown,TU_no_level,EPAS2021-1053-1054,EPAS2021 1053; EPAS2021 1054,2,SF(N.D),
618,TUSF(N.D)-Lunknown,TU_no_level,EPAS2021-1055-1056,EPAS2021 1055; EPAS2021 1056,2,SF(N.D),
619,TUSF(N.D)-Lunknown,TU_no_level,EPAS2021-1057-1058,EPAS2021 1057; EPAS2021 1058,2,SF(N.D),
620,STP16,STP_from_TU_column,EPAS2021-1059-1060,EPAS2021 1059; EPAS2021 1060,2,STP16,
621,STP16,STP_from_TU_column,EPAS2021-1061-1062,EPAS2021 1061; EPAS2021 1062,2,STP16,
622,STP16,STP_from_TU_column,EPAS2021-1063-1064,EPAS2021 1063; EPAS2021 1064,2,STP16,
623,STP16,STP_from_TU_column,EPAS2021-1065-1066,EPAS2021 1065; EPAS2021 1066,2,STP16,
624,TUTU13-Lunknown,TU_no_level,EPAS2021-1067-1068,EPAS2021 1067; EPAS2021 1068,2,TU13,
625,TUTU13-Lunknown,TU_no_level,EPAS2021-1069-1070,EPAS2021 1069; EPAS2021 1070,2,TU13,
626,TUTU13-Lunknown,TU_no_level,EPAS2021-1071-1072,EPAS2021 1071; EPAS2021 1072,2,TU13,
627,TUCABIN 1-L3RD OAK TREE,TU_Level,EPAS2021-1073-1074,EPAS2021 1073; EPAS2021 1074,2,CABIN 1,3RD OAK TREE
628,TUCABIN 15-Lunknown,TU_no_level,EPAS2021-1075-1076,EPAS2021 1075; EPAS2021 1076,2,CABIN 15,
629,STP12,STP_from_TU_column,EPAS2021-1077-1078,EPAS2021 1077; EPAS2021 1078,2,STP 12,
630,STP12,STP_from_TU_column,EPAS2021-1079-1080,EPAS2021 1079; EPAS2021 1080,2,STP 12,
631,TU10-L2,TU_Level,EPAS2021-1081-1082,EPAS2021 1081; EPAS2021 1082,2,10,2
632,TU10-L2,TU_Level,EPAS2021-1083-1084,EPAS2021 1083; EPAS2021 1084,2,10,2
633,TU10-L2,TU_Level,EPAS2021-1085-1086,EPAS2021 1085; EPAS2021 1086,2,10,2
634,TUCABIN 6-Lunknown,TU_no_level,EPAS2021-1087-1088,EPAS2021 1087; EPAS2021 1088,2,CABIN 6,
635,TUCABIN 6-Lunknown,TU_no_level,EPAS2021-1089-1090,EPAS2021 1089; EPAS2021 1090,2,CABIN 6,
636,TUCABIN 6-Lunknown,TU_no_level,EPAS2021-1091-1092,EPAS2021 1091; EPAS2021 1092,2,CABIN 6,
637,TUCABIN 6-Lunknown,TU_no_level,EPAS2021-1093-1094,EPAS2021 1093; EPAS2021 1094,2,CABIN 6,
638,TUCABIN 6-Lunknown,TU_no_level,EPAS2021-1095-1096,EPAS2021 1095; EPAS2021 1096,2,CABIN 6,
639,TUCABIN 6-Lunknown,TU_no_level,EPAS2021-1097-1098,EPAS2021 1097; EPAS2021 1098,2,CABIN 6,
640,TUCABIN 6-Lunknown,TU_no_level,EPAS2021-1099-1100,EPAS2021 1099; EPAS2021 1100,2,CABIN 6,
641,TUCABIN 6-Lunknown,TU_no_level,EPAS2021-1101-1102,EPAS2021 1101; EPAS2021 1102,2,CABIN 6,
642,TUCABIN 6-Lunknown,TU_no_level,EPAS2021-1103-1104,EPAS2021 1103; EPAS2021 1104,2,CABIN 6,
643,TUCABIN 6-Lunknown,TU_no_level,EPAS2021-1105-1106,EPAS2021 1105; EPAS2021 1106,2,CABIN 6,
644,TUCABIN 2-5-LROW4-8,TU_Level,EPAS2021-1107-1108,EPAS2021 1107; EPAS2021 1108,2,CABIN 2-5,ROW4-8
645,TUCABIN 2-5-LROW4-8,TU_Level,EPAS2021-1109-1110,EPAS2021 1109; EPAS2021 1110,2,CABIN 2-5,ROW4-8
646,TUCABIN 2-5-LROW4-8,TU_Level,EPAS2021-1111-1112,EPAS2021 1111; EPAS2021 1112,2,CABIN 2-5,ROW4-8
